date,total_sales,tickets_sold,tickets_out,show_time,occu_perc,ticket_price,ticket_use,capacity,film_code,cinema_code,month,quarter,day,year
2018-01-04,21042343500,197215,125,2645,38.77280977312391,91128.76170534037,197090,1017.6250890443698,1483,192,4,2,1,2018
2018-01-05,12767464997,244133,165,2829,45.75869942196532,48409.642188548634,243968,895.7534660666155,1481,207,5,2,1,2018
2018-01-06,7275158987,87983,115,2526,21.159873060648803,70446.98633120173,87868,776.7228235908397,1495,202,6,2,1,2018
2018-01-07,2834914996,28217,44,2510,8.932968515742129,89482.49827407957,28173,828.7438632191648,1498,210,7,3,1,2018
2018-01-08,8289149995,79706,132,2613,14.86516393442623,89803.60751427925,79574,919.4625542222715,1554,211,8,3,1,2018
2018-01-09,3514239995,39044,47,2330,10.689887820512821,84881.7885251025,38997,806.7619909712004,1554,204,9,3,1,2018
2018-01-10,3387570000,30550,93,2295,7.719132007233274,93999.20385383703,30457,908.2459306051442,1559,200,10,4,1,2018
2018-01-11,9060334998,80513,122,2655,20.348762446657183,92264.30407363393,80391,807.785597271015,1572,209,11,4,1,2018
2018-02-04,9506946000,81310,254,1517,30.263838630806845,92400.72282856275,81056,842.8895216877228,1483,143,4,2,2,2018
2018-02-05,15439305219,147552,205,2761,30.808104395604396,87064.17547116001,147347,823.2063177218256,1497,202,5,2,2,2018
2018-02-06,3476785000,46102,87,2418,12.610793413173653,67299.6226465106,46015,796.6812440437935,1482,194,6,2,2,2018
2018-02-07,2704864998,26768,50,2549,8.060662739322533,89983.80343142021,26718,829.3615530416222,1498,208,7,3,2,2018
2018-02-08,11822730988,105001,215,2648,19.595302325581393,92618.19706581839,104786,865.2790611283979,1554,212,8,3,2,2018
2018-02-09,3177834999,31772,138,2285,8.75435064935065,90002.98079519201,31634,802.682859772405,1562,208,9,3,2,2018
2018-02-10,8477999999,138614,162,2678,27.05897125567322,52216.43340839754,138452,858.8143628757182,1572,213,10,4,2,2018
2018-02-11,9740225000,86642,163,2565,21.733964757709252,93509.30633772386,86479,796.1012459189978,1573,197,11,4,2,2018
2018-03-04,13264713984,246960,102,2656,47.64957337883959,50106.67469985706,246858,1000.4913012758976,1480,196,4,2,3,2018
2018-03-05,14267975253,138158,299,2765,28.7578904109589,88831.98673125906,137859,822.5808307825281,1493,208,5,2,3,2018
2018-03-06,1080955000,18435,16,1163,14.147055837563451,57381.40166385236,18419,726.9740894129935,1484,134,6,2,3,2018
2018-03-07,8148094996,145928,164,2787,31.56370517928287,50427.91969654137,145764,799.9775220540475,1551,216,7,3,3,2018
2018-03-08,15215489991,136647,446,2662,24.212302936630604,93203.25800094858,136201,863.0968516686779,1493,209,8,3,3,2018
2018-03-09,3079459999,30761,57,2270,8.539035947712419,91008.12501289588,30704,800.4088763547782,1556,207,9,3,3,2018
2018-03-10,5234279991,46726,127,2508,11.355040783034259,94006.63508181498,46599,884.0663938241366,1562,203,10,4,3,2018
2018-03-11,3208490000,45485,33,2303,13.509038142620232,68243.20583562322,45452,793.7025966304052,1587,177,11,4,3,2018
2018-04-04,12357739996,123419,95,2591,26.56933104631218,88139.61565149807,123324,975.6548609497927,1485,198,4,2,4,2018
2018-04-05,14782460000,140733,215,2709,29.315020188425304,89236.9411921483,140518,784.6512782174235,1495,207,5,2,4,2018
2018-04-07,5828224984,52890,125,2607,11.53150289017341,88299.8433951376,52765,806.3663630493172,1511,211,7,3,4,2018
2018-04-08,6382794992,68980,234,2542,14.710589198036006,84839.11830974027,68746,883.7102192373894,1559,202,8,3,4,2018
2018-04-09,9617299998,169207,185,2615,35.87658605974396,51556.1489369674,169022,788.0349200466884,1562,219,9,3,4,2018
2018-04-10,10446664991,89583,126,2651,19.067035330261135,95561.61314469304,89457,873.3912875724292,1553,211,10,4,4,2018
2018-04-11,682985000,7584,7,664,11.469802631578949,88278.08097068565,7577,813.3215575780342,1569,47,11,4,4,2018
2018-05-04,16992624447,164576,215,2591,34.29385135135135,89386.88842357168,164361,974.8563213950376,1484,199,4,2,5,2018
2018-05-05,5160744997,62379,134,2613,15.349698216735254,80377.2451408442,62245,789.8048542451418,1484,207,5,2,5,2018
2018-05-06,71400000,1428,0,10,96.6375,50000.0,1428,383.5888166883843,1494,1,6,2,5,2018
2018-05-07,9662509981,84677,97,2636,16.7206940509915,90903.81323585956,84580,805.4609086075301,1552,208,7,3,5,2018
2018-05-08,5724189989,55486,104,2508,12.152541254125412,89181.96814646095,55382,883.2609254795577,1511,205,8,3,5,2018
2018-05-09,3779744998,37624,103,2309,10.448104265402844,91569.26230141014,37521,788.4753170520352,1498,207,9,3,5,2018
2018-05-10,11283699990,96911,118,2629,20.68203363914373,94965.919209946,96793,863.2355938593564,1556,211,10,4,5,2018
2018-06-04,18006897466,175328,326,2621,35.759211409395974,89345.07202678277,175002,969.6316959841245,1482,202,4,2,6,2018
2018-06-05,4885784998,56343,122,2602,13.635260989010987,85477.15657463083,56221,790.9979327334846,1483,206,5,2,6,2018
2018-06-07,11396164998,100201,129,2688,18.19208275862069,90930.28202440336,100072,791.9835284741137,1499,208,7,3,6,2018
2018-06-08,5464959990,52949,107,2487,11.907803660565724,91421.88936867936,52842,878.7976571250174,1554,202,8,3,6,2018
2018-06-09,6447314996,57469,154,2557,13.789970930232558,94229.61136624917,57315,791.5121461033573,1556,210,9,3,6,2018
2018-06-10,6588964978,89459,118,2562,18.630933977455715,73355.37163695498,89341,891.1746463004957,1556,202,10,4,6,2018
2018-07-04,6549739494,72765,60,2490,16.869375,84210.38705300624,72705,964.5626940092976,1485,200,4,2,7,2018
2018-07-05,4945088994,56894,318,2585,13.879240331491712,85296.31183412655,56576,789.7217939494592,1481,206,5,2,7,2018
2018-07-06,3475384992,40906,45,1957,14.475494296577946,68812.40440586153,40861,849.7201052532652,1484,162,6,2,7,2018
2018-07-07,5540397993,58243,129,2526,12.199329359165425,83336.5367935309,58114,815.5541432080558,1494,205,7,3,7,2018
2018-07-08,13683334998,246220,216,2772,45.20453149001536,51845.340338351445,246004,895.6617621076892,1498,210,8,3,7,2018
2018-07-09,8191319996,74005,145,2556,16.796063675832126,93984.9807605855,73860,787.9113446385034,1554,211,9,3,7,2018
2018-07-10,3768334999,35375,50,2452,8.839679054054054,91746.48821194134,35325,907.7640765252955,1553,203,10,4,7,2018
2018-08-04,6357750493,67697,94,2452,16.363448873483534,88523.81730523064,67603,941.904092806169,1482,198,4,2,8,2018
2018-08-05,12224339997,231476,322,2881,45.29338010204082,49227.78825589796,231154,799.8853627861797,1495,211,5,2,8,2018
2018-08-06,4161084994,48438,62,2148,14.696479099678456,73156.63276792906,48376,749.3727389670445,1494,187,6,2,8,2018
2018-08-07,2825644988,25727,62,1697,8.627991886409736,91810.19690262181,25665,773.2085967074294,1511,159,7,3,8,2018
2018-08-08,7914627990,78159,143,2655,15.924506369426751,89214.40307153069,78016,887.4140843026997,1493,208,8,3,8,2018
2018-08-09,3489375000,38805,182,2375,11.087851622874807,85674.36308505836,38623,796.6330778492476,1564,204,9,3,8,2018
2018-08-10,3599469998,32834,67,2429,8.951514143094842,93383.37064560998,32767,883.1346432116115,1553,198,10,4,8,2018
2018-09-04,6716628994,71285,84,2464,16.91127551020408,87160.75358785075,71201,935.3682339693787,1486,201,4,2,9,2018
2018-09-05,6954719992,77535,390,2707,18.6121045751634,85813.88971725226,77145,775.751087525066,1497,206,5,2,9,2018
2018-09-06,2320559997,31174,78,2389,8.874851330203443,68471.01606534132,31096,831.03264050807,1494,195,6,2,9,2018
2018-09-07,13120000,239,0,7,17.544285714285714,51964.28571428572,239,224.93847813846745,1499,4,7,3,9,2018
2018-09-08,11818754985,106047,196,2658,20.634673046251994,93560.90531462466,105851,892.9478195564993,1499,210,8,3,9,2018
2018-09-09,3738929991,37730,53,2360,10.218198757763975,90629.14040458162,37677,802.7311717318661,1559,207,9,3,9,2018
2018-09-10,10796664997,184158,204,2790,35.61387234042553,51616.80554027363,183954,845.0117286936373,1554,216,10,4,9,2018
2018-10-04,15158929992,293629,172,2735,55.01165032679738,48990.766967837124,293457,980.0459346749601,1486,202,4,2,10,2018
2018-10-05,12111469981,117735,157,2739,25.576149870801032,89114.52739613823,117578,775.4442400926888,1483,208,5,2,10,2018
2018-10-06,2249234999,29657,37,2351,8.68911858974359,69419.30423725733,29620,837.7092493412566,1484,194,6,2,10,2018
2018-10-07,10786194995,192812,175,2734,34.34216735253772,50182.45655773905,192637,798.927291543605,1494,206,7,3,10,2018
2018-10-08,14990894987,136444,199,2726,23.802439024390242,92406.25229892715,136245,873.663539971485,1560,214,8,3,10,2018
2018-10-09,3160090000,30906,57,2350,8.985857142857142,92312.88420318966,30849,806.2907753579451,1556,202,9,3,10,2018
2018-10-10,7495044991,67387,212,2635,15.108943338437978,92265.03191993022,67175,869.1350219514993,1556,208,10,4,10,2018
2018-11-04,10351803980,114874,147,2570,25.95611295681063,83757.7213252757,114727,951.4920537393417,1482,198,4,2,11,2018
2018-11-05,13925444994,133681,215,2729,28.412917737789204,89724.8613335617,133466,754.4338046411503,1482,205,5,2,11,2018
2018-11-06,2184359996,29135,47,2365,8.364968152866242,70182.09086093093,29088,841.982572033778,1493,199,6,2,11,2018
2018-11-07,6959104995,66224,89,2511,11.863020030816642,88316.83378130113,66135,830.2519894010238,1511,202,7,3,11,2018
2018-11-08,5547079992,60608,159,2410,14.39493006993007,85018.88467783612,60449,911.3643791290792,1554,196,8,3,11,2018
2018-11-09,5158534999,86097,149,2448,22.429183006535947,52856.26443402496,85948,859.2191087254967,1558,197,9,3,11,2018
2018-11-10,14212267993,124637,392,2807,24.905840336134453,93318.31352131268,124245,834.8605588693956,1576,214,10,4,11,2018
2018-12-04,15580092969,158954,218,2444,37.413126022913254,87209.58189396719,158736,897.2575234333585,1482,203,4,2,12,2018
2018-12-05,5071305000,60608,210,2625,15.361599462365593,79935.02184499895,60398,772.8751686722062,1482,204,5,2,12,2018
2018-12-06,4986375000,89109,113,2510,22.479898550724638,51115.54006216611,88996,811.2334127757109,1495,203,6,2,12,2018
2018-12-07,12008334977,107183,109,2649,17.926618497109825,89869.8284009941,107074,818.4524660923714,1499,209,7,3,12,2018
2018-12-08,5057709998,49482,149,2143,14.02945299145299,90553.28783546199,49333,802.0362567532123,1498,202,8,3,12,2018
2018-12-09,2712975000,46777,76,2263,15.175008976660681,52525.57646381546,46701,889.4308394615894,1563,197,9,3,12,2018
2018-12-10,16759698993,146927,296,2760,28.77510729613734,94264.79849343438,146631,832.1112634456005,1573,214,10,4,12,2018
